,type,geometry.type,geometry.coordinates,properties.Name,properties.Category,properties.ImageURL,properties.Address,properties.Notes,properties.AKA
0,Feature,Point,"[-76.4878787, 42.44431073]",104 West! (Kosher Dining Hall),Co-ops,,,Dining (www.campuslife.cornell.edu/campuslife/dining/104west.cfm); 104 West Ave.,
1,Feature,Point,"[-76.48841178, 42.44409097]",112 Edgemoor,Co-ops,http://images.localist.com/images/main/business_huge.png?1340747100,,Housing,
2,Feature,Point,"[-76.47553, 42.441336]",120 Maple Ave.,Near Campus,,,CIT,
3,Feature,Point,"[-76.48499927, 42.44033831]",301 College Ave.,Collegetown,http://images.localist.com/images/main/business_huge.png?1340747100,,,
4,Feature,Point,"[-76.48497643, 42.44081657]",309 College Ave.,Collegetown,,,The Nines,
5,Feature,Point,"[-76.48533034, 42.44089596]",312 College Ave.,Collegetown,http://images.localist.com/images/main/business_huge.png?1340747100,,"University Photography; Office of Web Communications (OWC); University Communications, FSAP",
6,Feature,Point,"[-76.46270764, 42.43792222]",337 Pine Tree Road,East Hill,http://images.localist.com/images/main/business_huge.png?1340747100,,,
7,Feature,Point,"[-76.46308945, 42.43793791]",341 Pine Tree Road,East Hill,http://images.localist.com/images/main/business_huge.png?1340747100,,,
8,Feature,Point,"[-76.4621544, 42.43813181]",353 Pine Tree Road,East Hill,http://images.localist.com/images/main/business_huge.png?1340747100,,,
9,Feature,Point,"[-76.46209222, 42.43765919]",373 Pine Tree Road,East Hill,http://images.localist.com/images/main/business_huge.png?1340747100,,,
10,Feature,Point,"[-76.4631494, 42.4376323]",377 Pine Tree Road,East Hill,http://images.localist.com/images/main/business_huge.png?1340747100,,,
11,Feature,Point,"[-76.46531944, 42.43904444]",391 Pine Tree Road,East Hill,http://images.localist.com/images/main/business_huge.png?1340747100,,CISER,
12,Feature,Point,"[-76.4631946, 42.43896308]",395 Pine Tree Road,East Hill,http://images.localist.com/images/main/business_huge.png?1340747100,,,
13,Feature,Point,"[-76.41905012, 42.47316663]",4-H Acres,Community,http://images.localist.com/images/main/business_huge.png?1340747100,,"418 Lower Creek Road, Ithaca",
14,Feature,Point,"[-76.484966, 42.44211389]",409 College Ave.,Collegetown,,,"Student Agencies, Faculty and Staff Assistance Program",
15,Feature,Point,"[-76.48878611, 42.44956111]",726 University Ave.,West Campus,http://images.localist.com/images/main/business_huge.png?1340747100,,,
16,Feature,Point,"[-76.48188889, 42.44780278]",A. D. White Gardens,Plantations,http://images.localist.com/photo/000/016/496/huge/HFBeKgfQSJjcd_ML.jpg?1298662352,,Plantations,
17,Feature,Point,"[-76.48199256, 42.4482754]",A. D. White House,Central Campus,http://images.localist.com/photo/000/016/497/huge/Hg3hgSjMo0ohzVvM.jpg?1298662357,,A. D. White House,
18,Feature,Point,"[-76.51018611, 42.44296111]",AAP Downtown Facility,Near Campus,,,531 Esty St.,
19,Feature,Point,"[12.47551389, 41.89516667]",AAP in Rome,World,http://images.localist.com/images/main/business_huge.png?1340747100,,Palazzo Lazzaroni;Cornell in Rome; QuickWorld; http://aap.cornell.edu/rome/,
20,Feature,Point,"[-73.99462376, 40.73868611]",AAP New York City Center,NYC,,,"AAP NYC; 50 West 17th St., New York, NY",
21,Feature,Point,"[-76.487259, 42.45871]",Acacia,Greek,,"318 Highland Road, Ithaca, NY 14850",Greek: IFC,
22,Feature,Point,"[-76.478316, 42.448307]",Academic Surge Facility A,Ag,,"222 Tower Rd, Ithaca, NY 14850",,
23,Feature,Point,"[-76.478309, 42.448063]",Academic Surge Facility B,Ag,,"220 Tower Rd, Ithaca, NY 14850",,
24,Feature,Point,"[-76.48233306, 42.45742909]",Africana Studies and Research Center,North Campus,http://images.localist.com/photo/000/016/498/huge/rRwo2mnBsnGAeAV_.jpg?1298662363,,John Henrik Clarke Library,
25,Feature,Point,"[-76.4785992, 42.44874224]",Ag Quad,Areas and Features,http://images.localist.com/photo/000/016/499/huge/GL2faSBBidUZ9uTB.jpg?1298662368,,,
26,Feature,Point,"[-76.452278, 42.444322]",Agriculture Waste Management Laboratory,East Campus,,"236 Gallus Rd, Ithaca, NY 14850",,
27,Feature,Point,"[-76.487083, 42.457199]",Alpha Chi Omega,Greek,,"509 Wyckoff Road, Ithaca, NY 14850",Greek: Panhellenic,
28,Feature,Point,"[-76.4898, 42.450802]",Alpha Delta Phi,Greek,,"777 Stewart Avenue, Ithaca, NY 14850",Greek: IFC,
29,Feature,Point,"[-76.48542, 42.456589]",Alpha Epsilon Phi,Greek,,"435 Wyckoff Ave Ithaca, NY 14850",Greek: Panhellenic,
30,Feature,Point,"[-76.488289, 42.454239]",Alpha Epsilon Pi,Greek,,"140 Thurston Ave., Ithaca, NY 14850",Greek: IFC,
31,Feature,Point,"[-76.485199, 42.455681]",Alpha Gamma Rho,Greek,,"203 Highland Ave., Ithaca, NY 14850",Greek: IFC,
32,Feature,Point,"[-76.483879, 42.453281]",Alpha Phi,Greek,,"411 Thurston Ave., Ithaca, NY 14850",Greek: Panhellenic,
33,Feature,Point,"[-76.49073, 42.452129]",Alpha Sigma Phi,Greek,,"804 Stewart Ave., Ithaca, NY 14850",Greek: IFC,
34,Feature,Point,"[-76.48967, 42.45538]",Alpha Xi Delta,Greek,,"40 Ridgewood, Ithaca, NY 14850",Greek: Panhellenic,
35,Feature,Point,"[-76.487228, 42.454121]",Alpha Zeta,Greek,,"214 Thurston Ave., Ithaca, NY 14850",Greek: IFC,
36,Feature,Point,"[-76.49758577, 42.44064709]","Alumni Affairs and Development, Ithaca",Near Campus,http://images.localist.com/images/main/business_huge.png?1340747100,,"130 E. Seneca St., Ithaca, NY 14850",
37,Feature,Point,"[-73.982108, 40.745845]","Alumni Affairs and Development, NYC",NYC,http://images.localist.com/images/main/business_huge.png?1340747100,,"230 Park Avenue, New York, NY 10169",
38,Feature,Point,"[-76.48087705, 42.45180309]",Alumni House,North Campus,http://images.localist.com/photo/000/016/502/huge/wKR5Twa4cRdd81F3.jpg?1298662386,,,
39,Feature,Point,"[-76.480432, 42.456146]",American Indian Program House,North Campus,http://images.localist.com/photo/000/016/500/huge/IGfQWIRvqW0kqQYz.jpg?1298662372,"115 Jessup Rd, Ithaca, NY 14850",Housing; Akwekon; Akwe:kon,
40,Feature,Point,"[-76.485615, 42.444933]",Anabel Taylor Hall,Law,http://images.localist.com/photo/000/016/503/huge/hNakDbXwktJUAc45.jpg?1298662391,"548 College Ave, Ithaca, NY 14850",Cafe (www.campuslife.cornell.edu/campuslife/dining/moosewood-at-anabel-taylor.cfm),
41,Feature,Point,"[-76.4672274, 42.44498333]",Animal Science Teaching and Research Barns,East Campus,http://images.localist.com/images/main/business_huge.png?1340747100,,,
42,Feature,Point,"[-76.482343, 42.453918]",Anna Comstock House,North Campus,http://images.localist.com/photo/000/018/820/huge/3HmiEoqDfccFIdVY.jpg?1308651696,"520 Thurston Ave, Ithaca, NY 14850",Anna Comstock Hall (Latino Living Center); Housing,
43,Feature,Point,"[-76.4745151, 42.45641904]",Appel Basketball Courts,North Campus,http://images.localist.com/photo/000/016/504/huge/4Y60clWxCJb1T8YF.jpg?1298662395,,,
44,Feature,Point,"[-76.47476156, 42.45414376]",Appel South Fields and Tennis Courts,North Campus,,,,
45,Feature,Point,"[-70.61504615, 42.98771389]","Appledore Island, Gulf of Maine",World,,,Shoals Marine Lab; SML; QuickWorld; http://www.sml.cornell.edu/,
46,Feature,Point,"[-76.46795641, 42.441875]",Aquaculture Building,East Hill,http://images.localist.com/images/main/business_huge.png?1340747100,,,
47,Feature,Point,"[-66.75273186, 18.34412101]",Arecibo Observatory,World,http://images.localist.com/photo/000/016/506/huge/Kgg5wCoyEboTAmpc.jpg?1298662404,,National Astronomy and Ionosphere Center (NAIC); QuickWorld; http://www.naic.edu/,
48,Feature,Point,"[-76.62686199, 42.26295851]",Arnot Teaching and Research Forest,State,http://images.localist.com/images/main/business_huge.png?1340747100,,Natural Resources; QuickState,
49,Feature,Point,"[-76.451763, 42.444271]",Arthropod Research Facility,East Campus,,"226 Gallus Rd, Ithaca, NY 14850",,
50,Feature,Point,"[-76.48453237, 42.44927342]",Arts Quad,Areas and Features,http://images.localist.com/photo/000/016/507/huge/08hJOa28GCcow76s.jpg?1298662409,,,
51,Feature,Point,"[-76.480123, 42.449223]",Bailey Hall,Central Campus,http://images.localist.com/photo/000/016/671/huge/01yPtAA3zUkOZhcg.jpg?1298676108,"230 Garden Ave, Ithaca, NY 14850",,
52,Feature,Point,"[-76.4539784, 42.42801823]",Baker Institute for Animal Health,Near Campus,http://images.localist.com/photo/000/016/510/huge/onbFazHH7qeb0FZp.jpg?1298662422,,Veterinary; Hungerford Hill,
53,Feature,Point,"[-76.481771, 42.450151]",Baker Laboratory,Central Campus,http://images.localist.com/photo/000/016/511/huge/gHPvoNPdmHPwfM9M.jpg?1298662426,"259 East Ave, Ithaca, NY 14850",,
54,Feature,Point,"[-76.488661, 42.448714]",Baker North,West Campus,http://images.localist.com/photo/000/016/605/huge/NV3tntVk8fSsXTAd.jpg?1298662875,"117 Gothics Way, Ithaca, NY 14850",North Baker Hall; Housing,
55,Feature,Point,"[-76.488357, 42.448494]",Baker South,West Campus,http://images.localist.com/images/main/business_huge.png?1340747100,"123 Gothics Way, Ithaca, NY 14850",South Baker Hall; Housing,
56,Feature,Point,"[-76.488153, 42.448928]",Baker Tower,West Campus,http://images.localist.com/photo/000/016/512/huge/ylkXe4Tg0tC0m1eH.jpg?1298662430,"356 West Ave, Ithaca, NY 14850",Housing,
57,Feature,Point,"[-76.479677, 42.452988]",Balch Hall,North Campus,http://images.localist.com/photo/000/016/513/huge/ChJZCCIpKwmtWehQ.jpg?1298662434,"600 Thurston Ave, Ithaca, NY 14850",Housing; Cafe (www.campuslife.cornell.edu/campuslife/dining/carols-cafe.cfm),
58,Feature,Point,"[-76.484026, 42.443878]",Bard Hall,Engineering,http://images.localist.com/photo/000/016/514/huge/ODzHq_AMwGxPaguW.jpg?1298662437,"126 Hollister Dr, Ithaca, NY 14850",,
59,Feature,Point,"[-76.484324, 42.446429]",Barnes Hall,Central Campus,http://images.localist.com/photo/000/016/515/huge/tVZWzkNPX0PwJodf.jpg?1298662440,"129 Ho Plz, Ithaca, NY 14850",Organ; organs,
60,Feature,Point,"[-76.476204, 42.445755]",Bartels Hall,Athletics,http://images.localist.com/photo/000/016/516/huge/T_XPYE_oU9oCDCda.jpg?1298662445,"554 Campus Rd, Ithaca, NY 14850",Basketball; Volleyball,
61,Feature,Point,"[-76.480718, 42.445954]",Barton Hall,Athletics,http://images.localist.com/photo/000/016/517/huge/rVKt1EFFkY3HxZjG.jpg?1298662449,"117 Statler Dr, Ithaca, NY 14850",Police; ROTC; Track and Field,
62,Feature,Point,"[-77.00568278, 42.87526236]",Barton Laboratory,State,,,,
63,Feature,Point,"[-76.478462, 42.453612]",Bauer Hall,North Campus,http://images.localist.com/photo/000/016/518/huge/32aQa49sf1aibkW8.jpg?1298662455,"148 Cradit Farm Dr, Ithaca, NY 14850",Housing,
64,Feature,Point,"[-76.47949485, 42.45194444]",Beebe Dam,Areas and Features,,,,
65,Feature,Point,"[-76.47998195, 42.45174444]",Beebe Dam Bridge,Areas and Features,http://images.localist.com/photo/000/016/519/huge/JHH5yhLaOMP2OOxT.jpg?1298662461,,,
66,Feature,Point,"[-76.474251, 42.448938]",Beebe Hall,East Campus,http://images.localist.com/images/main/business_huge.png?1340747100,"110 Plantations Rd, Ithaca, NY 14850",,
67,Feature,Point,"[-76.47722253, 42.45144121]",Beebe Lake,Areas and Features,http://images.localist.com/images/main/business_huge.png?1340747100,,,
68,Feature,Point,"[-76.47841853, 42.45233825]",Beebe Lake Green,Areas and Features,http://images.localist.com/photo/000/016/520/huge/jBZty5Yce_wBj_Gk.jpg?1298662465,,,
69,Feature,Point,"[-76.46556585, 42.43500943]",Belkin Squash Courts,East Hill,http://images.localist.com/images/main/business_huge.png?1340747100,,230 Pine Tree Road,
70,Feature,Point,"[-76.47368526, 42.44615427]",Berman Soccer Field,Athletics,,,,
71,Feature,Point,"[-76.489891, 42.455921]",Beta Theta Pi,Greek,,"100 Ridgewood Road, Ithaca, NY 14850",Greek: IFC,
72,Feature,Point,"[-76.480959, 42.448499]",Big Red Barn,Central Campus,http://images.localist.com/photo/000/016/521/huge/rkbplVV650tOhkUU.jpg?1298662472,"135 Presidents Dr, Ithaca, NY 14850",Cafe (www.campuslife.cornell.edu/campuslife/dining/big-red-barn.cfm),
73,Feature,Point,"[-76.480807, 42.44495]",Bill and Melinda Gates Hall,Engineering,,"107 Hoy Rd, Ithaca, NY 14850",,Gates Hall
74,Feature,Point,"[-76.4789193, 42.44685503]",Biology Quad,Areas and Features,http://images.localist.com/images/main/business_huge.png?1340747100,,,
75,Feature,Point,"[-76.47836222, 42.44642621]",Biotechnology Building,Central Campus,http://images.localist.com/photo/000/017/178/huge/ErApy3vE9HoKKArJ.jpg?1300376182,,,
76,Feature,Point,"[-76.46880792, 42.44299167]",Blair Farm Complex,East Hill,http://images.localist.com/images/main/business_huge.png?1340747100,,,
77,Feature,Point,"[-76.469785, 42.448652]",Blauvelt Laboratory,East Campus,http://images.localist.com/images/main/business_huge.png?1340747100,"169 Helios Cir, Ithaca, NY 14850",,
78,Feature,Point,"[-76.488725, 42.449007]",Boldt Hall,West Campus,http://images.localist.com/photo/000/016/523/huge/mp91NNc5nS8bywOG.jpg?1298662483,"727 University Ave, Ithaca, NY 14850",Housing; Language House,
79,Feature,Point,"[-76.489066, 42.448998]",Boldt Tower,West Campus,,"727 University Ave, Ithaca, NY 14850",Housing,
80,Feature,Point,"[-76.46764, 42.447035]",Boyce Thompson Institute,East Campus,http://images.localist.com/images/main/business_huge.png?1340747100,"533 Tower Rd, Ithaca, NY 14850",,
81,Feature,Point,"[-76.475775, 42.447931]",Bradfield Hall,Ag,http://images.localist.com/photo/000/016/524/huge/orlmiOxAcBrj7k2d.jpg?1298662489,"306 Tower Rd, Ithaca, NY 14850",,
82,Feature,Point,"[-76.4817, 42.45660556]",Brooklane Apartments,Co-ops,http://images.localist.com/images/main/business_huge.png?1340747100,,Housing,
83,Feature,Point,"[-76.474077, 42.448324]",Bruckner Laboratory,East Campus,http://images.localist.com/images/main/business_huge.png?1340747100,"208 Mann Dr, Ithaca, NY 14850",,
84,Feature,Point,"[-76.4612789, 42.48543611]",Business and Technology Park,Areas and Features,http://images.localist.com/images/main/business_huge.png?1340747100,,"Thornwood, Brown Rd., Brown Rd, Brown Road",
85,Feature,Point,"[-76.52156794, 42.41700556]",Buttermilk Falls State Park,Community,http://images.localist.com/photo/000/016/525/huge/1tWhS3V00rAcIofe.jpg?1298662494,,,
86,Feature,Point,"[-76.478261, 42.449222]",Caldwell Hall,Ag,http://images.localist.com/photo/000/016/527/huge/mBVxPnDFROsP_xCZ.jpg?1298662503,"121 Reservoir Ave, Ithaca, NY 14850",,
87,Feature,Point,"[-76.489555, 42.448208]",Carl Becker House,West Campus,http://images.localist.com/photo/000/016/528/huge/rpZVzdQEBzaiEgx3.jpg?1298662508,"647 Stewart Ave, Ithaca, NY 14850",Housing; Dining (www.campuslife.cornell.edu/campuslife/dining/carl-becker-house-dining.cfm),
88,Feature,Point,"[-76.484173, 42.444818]",Carpenter Hall,Engineering,http://images.localist.com/photo/000/016/529/huge/4I4All7DPfbnE8KI.jpg?1298662512,"313 Campus Rd, Ithaca, NY 14850",Engineering Library,
89,Feature,Point,"[-76.48697829, 42.44314523]",Cascadilla Creek,Areas and Features,http://images.localist.com/photo/000/016/530/huge/1EtvmCi_mmP0gqh_.jpg?1298662518,,,
90,Feature,Point,"[-76.486809, 42.442393]",Cascadilla Hall,Collegetown,http://images.localist.com/photo/000/016/531/huge/I2SGSkWPeminSSA9.jpg?1298662523,"115 Cascadilla Pl, Ithaca, NY 14850",Housing,
91,Feature,Point,"[-76.51134961, 42.45305539]",Cayuga Inlet,Community,http://images.localist.com/images/main/business_huge.png?1340747100,,,
92,Feature,Point,"[-76.53753611, 42.46915556]",Cayuga Medical Center,Community,http://images.localist.com/images/main/business_huge.png?1340747100,,Hospital,
93,Feature,Point,"[-76.554624, 42.519042]",Cayuga Nature Center,Community,,"1420 Taughannock Blvd., Ithaca, NY 14850",,
94,Feature,Point,"[-76.48787851, 42.4443886]",Center for Jewish Living,Co-ops,http://images.localist.com/images/main/business_huge.png?1340747100,,Housing,
95,Feature,Point,"[-76.474696, 42.442929]",Central Heating Plant,East Hill,,"651 Dryden Rd, Ithaca, NY 14850",,
96,Feature,Point,"[-76.49009722, 42.4537]",Chesterton House,Co-ops,,,Housing,
97,Feature,Point,"[-76.48877, 42.443691]",Chi Phi,Greek,,"107 Edgemoor Lane, Ithaca, NY 14850",Greek: IFC,
98,Feature,Point,"[-76.488129, 42.450859]",Chi Psi,Greek,,"810 University Ave., Ithaca, NY 14850",Greek: IFC,
99,Feature,Point,"[-76.47925571, 42.45133333]",Chilled Water Plant,Central Campus,http://images.localist.com/photo/000/016/533/huge/_geBN88NbhivAMuY.jpg?1298662533,,,
100,Feature,Point,"[-76.479112, 42.454242]",Clara Dickson Hall,North Campus,http://images.localist.com/photo/000/016/534/huge/drUoGTOJWPZ_1zO_.jpg?1298662538,"21 Sisson Pl, Ithaca, NY 14850",Housing,
101,Feature,Point,"[-76.481122, 42.449819]",Clark Hall,Central Campus,http://images.localist.com/photo/000/016/535/huge/_34UcJWCGcANNZ64.jpg?1298662542,"142 Sciences Dr, Ithaca, NY 14850",Physical Sciences Library; Edna McConnell Clark Library;,
102,Feature,Point,"[-76.48521343, 42.4430324]",College Avenue Stone Arch Bridge,Areas and Features,http://images.localist.com/images/main/business_huge.png?1340747100,,,
103,Feature,Point,"[-76.511169, 42.446922]",Collyer Boat House,Athletics,http://images.localist.com/images/main/business_huge.png?1340747100,"685 Third St, Ithaca, NY 14850",Rowing,
104,Feature,Point,"[-76.46464444, 42.44690278]",Companion Animal Hospital,East Campus,http://images.localist.com/images/main/business_huge.png?1340747100,,Dogs; Cats; Feline; Canine,
105,Feature,Point,"[-76.479036, 42.449285]",Computing and Communications Center,Ag,http://images.localist.com/photo/000/016/526/huge/Mqc56UNucrsbPsqi.jpg?1298662499,"235 Garden Ave, Ithaca, NY 14850","CCC, HelpDesk; Net IDs, CIT, IT",
106,Feature,Point,"[-76.47933943, 42.44658086]",Comstock Hall,Central Campus,http://images.localist.com/images/main/business_huge.png?1340747100,,Comstock Memorial Library of Entomology,
107,Feature,Point,"[-76.4644411, 42.47979793]",Convenient Care at Ithaca,Community,http://images.localist.com/images/main/business_huge.png?1340747100,,,
108,Feature,Point,"[-76.489599, 42.448831]",Cook House,West Campus,http://images.localist.com/photo/000/016/501/huge/zbRnOQYerQNZKb0c.jpg?1298662376,"709 University Ave, Ithaca, NY 14850",Housing; Dining (www.campuslife.cornell.edu/campuslife/dining/alice-cook-house-dining.cfm),
109,Feature,Point,"[-76.475892, 42.459272]",Cornell Child Care Center,North Campus,http://images.localist.com/photo/000/016/537/huge/7Fp99ggutpH_O8VL.jpg?1298662553,"150 Pleasant Grove Rd, Ithaca, NY 14850",Daycare; Bright Horizons,
110,Feature,Point,"[-73.97934036, 40.75441425]",Cornell Club of New York City,NYC,,,,
111,Feature,Point,"[-77.048489, 38.90833611]",Cornell in Washington D.C.,World,http://images.localist.com/photo/000/016/699/huge/Y1crvEHqZBIwEAEp.jpg?1298892044,,QuickWorld; http://ciw.cornell.edu/,
112,Feature,Point,"[-76.4622796, 42.44490929]",Cornell Orchards,East Campus,http://images.localist.com/images/main/business_huge.png?1340747100,,Cider; Apples,
113,Feature,Point,"[-76.472291, 42.449563]",Cornell Plantations Brian C. Nevin Welcome Center,Plantations,http://images.localist.com/photo/000/016/690/huge/wCWo7205tLxrmYuO.jpg?1298885120,"124 Comstock Knoll Dr, Ithaca, NY 14850",,
114,Feature,Point,"[-76.478252, 42.447254]",Corson Hall,Central Campus,,"215 Tower Rd, Ithaca, NY 14850",,
115,Feature,Point,"[-76.478029, 42.454471]",Court Residence Hall,North Campus,http://images.localist.com/photo/000/016/541/huge/lNqFCGmZ80zA1pPJ.jpg?1298662574,"148 Cradit Farm Dr, Ithaca, NY 14850",Housing,
116,Feature,Point,"[-70.73943889, 43.05819444]","Creek Farm Cottage, Portsmouth, New Hampshire",World,,,Shoals Marine Lab,
117,Feature,Point,"[-76.47023804, 42.44704905]",Dairy Bar,East Campus,http://images.localist.com/images/main/business_huge.png?1340747100,,Cafe (www.dairystore.cornell.edu); Ice Cream,
118,Feature,Point,"[-76.483271, 42.447017]",Day Hall,Central Campus,http://images.localist.com/photo/000/016/543/huge/7Qr6DoBeG3FLn_ic.jpg?1298662584,"144 East Ave, Ithaca, NY 14850",,
119,Feature,Point,"[-76.47728611, 42.4496]",Dean's Garden,Plantations,http://images.localist.com/photo/000/016/544/huge/u09wMqimiP301K7O.jpg?1298662590,,Plantations,
120,Feature,Point,"[-76.48479958, 42.44465]",DeFrees Lab,Engineering,http://images.localist.com/images/main/business_huge.png?1340747100,,,
121,Feature,Point,"[-76.488327, 42.453777]",Delta Chi,Greek,,"102 The Knoll, Ithaca, NY 14850",Greek: IFC,
122,Feature,Point,"[-76.481369, 42.455399]",Delta Delta Delta,Greek,,"118 Triphammer Road, Ithaca, NY 14850",Greek: Panhellenic,
123,Feature,Point,"[-76.480454, 42.455479]",Delta Gamma,Greek,,"117 Triphammer Rd., Ithaca, NY 14850",Greek: Panhellenic,
124,Feature,Point,"[-76.487122, 42.444561]",Delta Kappa Epsilon,Greek,,"13 South Ave., Ithaca, NY 14850",Greek: IFC,
125,Feature,Point,"[-76.491997, 42.44661]",Delta Phi,Greek,,"100 Cornell Ave., Ithaca, NY 14850",Greek: IFC,
126,Feature,Point,"[-76.488663, 42.445358]",Delta Tau Delta,Greek,,"104 Mary Ann Wood Dr., Ithaca, NY 14850",Greek: IFC,
127,Feature,Point,"[-76.487167, 42.445148]",Delta Upsilon,Greek,,"6 South Ave., Ithaca, NY 14850",Greek: IFC,
128,Feature,Point,"[-76.46916096, 42.44323075]",Dilmun Hill Student Organic Farm,East Hill,,,,
129,Feature,Point,"[-76.46827, 42.448489]",Dimock Environmental Control Laboratory,East Campus,http://images.localist.com/images/main/business_huge.png?1340747100,"129 Helios Cir, Ithaca, NY 14850",Dimock Lab,
130,Feature,Point,"[-76.480109, 42.447294]",Dolgen Hall,Central Campus,http://images.localist.com/photo/000/016/547/huge/FFBLKwQvCToNZZfn.jpg?1298662607,"140 Garden Ave, Ithaca, NY 14850",ILR Extension Building,
131,Feature,Point,"[-76.49690705, 42.44042742]",Downtown Ithaca,Community,http://images.localist.com/photo/000/016/692/huge/D_KUcwXlbqkAuiX8.jpg?1298887173,,,
132,Feature,Point,"[-76.482571, 42.444667]",Duffield Hall,Engineering,http://images.localist.com/photo/000/016/548/huge/ztArPfTLO_0aybrg.jpg?1298662612,"343 Campus Rd, Ithaca, NY 14850",Cafe (www.campuslife.cornell.edu/campuslife/dining/mattins-cafe.cfm),
133,Feature,Point,"[-76.445158, 42.465025]",Dyce Laboratory,Near Campus,http://images.localist.com/images/main/business_huge.png?1340747100,"201 Freese Rd, Ithaca, NY 14850",Dyce Lab for Honey Bee Research; Bees; Beekeeping; Apiary,
134,Feature,Point,"[-76.465866, 42.446819]",East Campus Research Facility,East Campus,,"626 Tower Rd, Ithaca, NY 14850",,
135,Feature,Point,"[-76.456151, 42.445328]",East Campus Service Center,East Campus,,"209 Solidago Rd, Ithaca, NY 14850",,
136,Feature,Point,"[-76.463231, 42.439152]",East Hill Office Building,East Hill,http://images.localist.com/photo/000/016/549/huge/Sra9OEY1sD2bk5lQ.jpg?1298662616,"395 Pine Tree Rd, Ithaca, NY 14850",EHOB; Pine Tree Road,
137,Feature,Point,"[-76.464159, 42.437848]",East Hill Plaza,East Hill,,"315-335 Pine Tree Rd, Ithaca, NY 14850",,
138,Feature,Point,"[-76.466471, 42.441586]",Ecology and Toxicology Fish Hatchery,East Hill,,"145 Ecology Dr, Ithaca, NY 14850",Ecotoxicology Lab,
139,Feature,Point,"[-76.48747577, 42.44239735]",Eddy Gate,Areas and Features,http://images.localist.com/photo/000/016/550/huge/t6F7QeID4mnhCpYp.jpg?1298662620,,,
140,Feature,Point,"[-76.47581, 42.448384]",Emerson Hall,Ag,http://images.localist.com/photo/000/016/850/huge/BBP8j493nOhFEqBk.jpg?1299168075,"236 Mann Dr, Ithaca, NY 14850",,
141,Feature,Point,"[-76.48362705, 42.44452444]",Engineering Quad,Areas and Features,http://images.localist.com/photo/000/016/695/huge/aA3I3QzCidJJFqtM.jpg?1298888069,,,
142,Feature,Point,"[-76.459806, 42.446437]",Environmental Health & Safety,East Campus,,"201 Palm Rd, Ithaca, NY 14850",,
143,Feature,Point,"[-76.46349311, 42.44735587]",Equine and Farm Animal Hospitals,East Campus,http://images.localist.com/images/main/business_huge.png?1340747100,,"Equine Hospital,Farm Animal Hospital",
144,Feature,Point,"[-76.466513, 42.500524]",Equine Drug Sports Medicine Facility,Near Campus,,"913 Warren Dr, Ithaca, NY 14850",,
145,Feature,Point,"[-76.467482, 42.444534]",Equine Metabolism Unit,East Campus,http://images.localist.com/images/main/business_huge.png?1340747100,"833 Campus Rd, Ithaca, NY 14850",Horses,
146,Feature,Point,"[-76.45801111, 42.46151389]",Equine Park,Near Campus,http://images.localist.com/images/main/business_huge.png?1340747100,,Horses; Blue Grass Lane,
147,Feature,Point,"[-76.456047, 42.44335]",Facilities Services Recycling Center,East Campus,,"251 Solidago Rd, Ithaca, NY 14850",,
148,Feature,Point,"[-76.47973073, 42.44278145]",Faculty Tennis Club,Athletics,http://images.localist.com/images/main/business_huge.png?1340747100,,,
149,Feature,Point,"[-76.47257131, 42.45368056]",Fall Creek,Areas and Features,http://images.localist.com/photo/000/016/691/huge/wgg35hu8WpbkoLcV.jpg?1298886050,,,
150,Feature,Point,"[-76.49757431, 42.45343335]",Fall Creek Studios,Community,,,,
151,Feature,Point,"[-76.458394, 42.44638]",Farm Service Shop,East Campus,,"126 McGowan Woods Rd, Ithaca, NY 14850",,
152,Feature,Point,"[-76.46723664, 42.44774928]",Federal Nutrition Lab,East Campus,http://images.localist.com/images/main/business_huge.png?1340747100,,,
153,Feature,Point,"[-76.475128, 42.448442]",Fernow Hall,Ag,http://images.localist.com/images/main/business_huge.png?1340747100,"226 Mann Dr, Ithaca, NY 14850",,
154,Feature,Point,"[-76.48885, 42.447773]",Flora Rose House,West Campus,http://images.localist.com/photo/000/016/554/huge/z6p_UjbwDm37JiCG.jpg?1298662642,"134 Gothics Way, Ithaca, NY 14850",Housing,
155,Feature,Point,"[-76.46930132, 42.44878056]",Floriculture Buildings,East Campus,http://images.localist.com/images/main/business_huge.png?1340747100,,,
156,Feature,Point,"[-76.470425, 42.447107]",Food Science Laboratory,East Campus,,"423 Tower Rd, Ithaca, NY 14850",,
157,Feature,Point,"[-76.487976, 42.448433]",Founders Hall,West Campus,http://images.localist.com/photo/000/016/555/huge/q_0iwY2eUm6fIMCI.jpg?1298662647,"352 West Ave, Ithaca, NY 14850",Housing,
158,Feature,Point,"[-76.483532, 42.451518]",Foundry,Arts,http://images.localist.com/photo/000/016/556/huge/w4F6SuCweGnBvT3M.jpg?1298662651,"936 University Ave, Ithaca, NY 14850",AAP,
159,Feature,Point,"[-76, 42]",Foundry Kiln Shed,Arts,,,AAP,
160,Feature,Point,"[-76.475761, 42.4455]",Friedman Strength and Conditioning Center,Athletics,,"554 Campus Rd, Ithaca, NY 14850",,
161,Feature,Point,"[-76.474537, 42.445595]",Friedman Wrestling Center,Athletics,http://images.localist.com/photo/000/016/558/huge/boNfmat1SYhD9SCi.jpg?1298662660,"610 Campus Rd, Ithaca, NY 14850",,
162,Feature,Point,"[-76.47825662, 42.44501176]",Friends Hall,Athletics,http://images.localist.com/photo/000/016/492/huge/BggR9UlrItgh24PO.jpg?1298662328,,Hall of Fame,
163,Feature,Point,"[-76.474502, 42.45277]",Fuertes Observatory,North Campus,http://images.localist.com/photo/000/016/559/huge/9mD1gihXwlNFZY5_.jpg?1298662663,"209 Cradit Farm Dr, Ithaca, NY 14850",Telescopes; telescope,
164,Feature,Point,"[-76.485558, 42.445832]",Gannett Health Services,Central Campus,http://images.localist.com/photo/000/016/560/huge/hUcSA6w4ikOBc1bz.jpg?1298662667,"110 Ho Plz, Ithaca, NY 14850",,
165,Feature,Point,"[-76.483473, 42.449063]",Goldwin Smith Hall,Arts,http://images.localist.com/photo/000/016/561/huge/XkXF4rBvfkhM8CoE.jpg?1298662672,"232 East Ave, Ithaca, NY 14850","Lewis Auditorium, HEC Auditorium, Kaufman Auditorium, Hollis E. Cornell Auditorium",
166,Feature,Point,"[-76.471216, 42.443435]",Graphic Arts Services Building,East Hill,,"490 Pine Tree Rd, Ithaca, NY 14850",,
167,Feature,Point,"[-76.45438889, 42.45211667]",Grossman Pond,Plantations,http://images.localist.com/images/main/business_huge.png?1340747100,,Plantations,
168,Feature,Point,"[-76.457298, 42.445949]",Grounds Operations Facility,East Campus,,"275 Palm Rd, Ithaca, NY 14850",,
169,Feature,Point,"[-76.482089, 42.443362]",Grumman Hall,Engineering,http://images.localist.com/images/main/business_huge.png?1340747100,"134 Rhodes Dr, Ithaca, NY 14850",,
170,Feature,Point,"[-76.479882, 42.444971]",Grumman Squash Courts,Athletics,http://images.localist.com/images/main/business_huge.png?1340747100,"505 Campus Rd, Ithaca, NY 14850",,
171,Feature,Point,"[-76.460512, 42.447477]",Guterman Bioclimatic Laboratory,East Campus,http://images.localist.com/images/main/business_huge.png?1340747100,"105 Caldwell Rd, Ithaca, NY 14850",,
172,Feature,Point,"[-76.51721254, 42.45511319]",Hanger Theatre,Community,http://images.localist.com/images/main/business_huge.png?1340747100,,,
173,Feature,Point,"[-76.488589, 42.447056]",Hans Bethe House,West Campus,http://images.localist.com/images/main/business_huge.png?1340747100,"314 West Ave, Ithaca, NY 14850",Housing; Dining (www.campuslife.cornell.edu/campuslife/dining/jansens-dining.cfm); Cafe (www.campuslife.cornell.edu/campuslife/dining/west-side-express.cfm),
174,Feature,Point,"[-76.24818966, 42.44147299]",Harford Animal Science Teaching and Research Center,State,http://images.localist.com/images/main/business_huge.png?1340747100,,Sheep; Beef; Cattle; Dairy; Cows,
175,Feature,Point,"[-76.38458014, 42.45821995]",Hartung-Boothroyd Observatory,Near Campus,http://images.localist.com/images/main/business_huge.png?1340747100,,"Telescopes; telescope; HBO; Mount Pleasant, Mt. Pleasant",
176,Feature,Point,"[-76.471926, 42.456329]",Hasbrouck Apartments,North Campus,,"121 Pleasant Grove Rd, Ithaca, NY 14850",Housing,
177,Feature,Point,"[-76.471925, 42.456324]",Hasbrouck Community Center,North Campus,,"121 Pleasant Grove Rd, Ithaca, NY 14850",Housing,
178,Feature,Point,"[-77.00741735, 42.87675714]",Hedrick Hall,State,http://images.localist.com/images/main/business_huge.png?1340747100,,,
179,Feature,Point,"[-76.477354, 42.452959]",Helen Newman Hall,North Campus,http://images.localist.com/photo/000/016/563/huge/twkjo8_Z0a1MexkX.jpg?1298662684,"163 Cradit Farm Dr, Ithaca, NY 14850",Fitness,
180,Feature,Point,"[-76.472392, 42.437378]",High Voltage Laboratory,East Hill,,"909 Mitchell St, Ithaca, NY 14850",,
181,Feature,Point,"[-76.48507195, 42.44669684]",Ho Plaza,Areas and Features,http://images.localist.com/photo/000/016/564/huge/q9xq_Cs2LAO3SCTl.jpg?1298662688,,,
182,Feature,Point,"[-76.385988, 42.461023]",Hoffman Challenge Course Pavilion,Near Campus,,"466 Mount Pleasant Rd, Ithaca, NY 14850",,
183,Feature,Point,"[-76.47605787, 42.45564416]",Holland International Living Center,North Campus,http://images.localist.com/images/main/business_huge.png?1340747100,,Housing,
184,Feature,Point,"[-76.484547, 42.443989]",Hollister Hall,Engineering,http://images.localist.com/photo/000/016/566/huge/Ru1oDWCIygVaLYA2.jpg?1298662697,"527 College Ave, Ithaca, NY 14850",,
185,Feature,Point,"[-76.46877706, 42.44871837]",Horton Lab,East Campus,http://images.localist.com/images/main/business_huge.png?1340747100,,,
186,Feature,Point,"[-76.49021667, 42.44836111]",Hot Truck,West Campus,http://images.localist.com/photo/000/016/567/huge/mZ4TgYavAyqfma_9.jpg?1298662702,,Cafe (www.shortstopdeli.com/hot-truck); Truck,
187,Feature,Point,"[-76.45460556, 42.45105556]",Houston Pond,Plantations,http://images.localist.com/photo/000/016/568/huge/_fVSm0G6_7w_eVCI.jpg?1298662706,,Plantations,
188,Feature,Point,"[-76.48060023, 42.44417186]",Hoy Field,Athletics,http://images.localist.com/photo/000/016/569/huge/5D1Ty_fd03mVT0es.jpg?1298662710,,Baseball,
189,Feature,Point,"[-76.486349, 42.443679]",Hughes Hall,Law,http://images.localist.com/images/main/business_huge.png?1340747100,"241 Campus Rd, Ithaca, NY 14850",Cafe (www.campuslife.cornell.edu/campuslife/dining/hughes.cfm),
190,Feature,Point,"[-76.478616, 42.450482]",Human Ecology Building,Central Campus,,"37 Forest Home Dr, Ithaca, NY 14850",,
191,Feature,Point,"[-76.475526, 42.442704]",Humphreys Service Building,East Campus,,"639 Dryden Rd, Ithaca, NY 14850",,
192,Feature,Point,"[-76.483945, 42.457931]",Hurlburt House,North Campus,http://images.localist.com/photo/000/018/818/huge/gTPuK5hMghv_6yMF.jpg?1308651619,"111 Country Club Rd, Ithaca, NY 14850",Ecology House; Housing,
193,Feature,Point,"[-76.46417233, 42.44781982]",I Barn,East Campus,,,,
194,Feature,Point,"[-76.48005967, 42.44695517]",ILR Conference Center,Central Campus,http://images.localist.com/photo/000/016/570/huge/MNp_i6hUPqDeh5Yx.jpg?1298662715,,,
195,Feature,Point,"[-76.45107, 42.479895]",Imogene Powers Johnson Center for Birds and Biodiversity,Near Campus,,"159 Sapsucker Woods Rd, Ithaca, NY 14850",Lab of Ornithology; Sapsucker Woods; Bird Watching; Birdwatching; Adelson Library; Johnson Center for Birds and Biodiversity,
196,Feature,Point,"[-76.480102, 42.44659]",Industrial & Labor Relations Research,Central Campus,http://images.localist.com/photo/000/016/571/huge/RTkMfTZSZ_6pBoRa.jpg?1298662718,"140 Garden Ave, Ithaca, NY 14850",ILR Research Building,
197,Feature,Point,"[-76.46988316, 42.44886111]",Insectary Complex,East Campus,,,,
198,Feature,Point,"[-76.51103444, 42.43949167]",Ithaca Bus Terminal,Community,http://images.localist.com/images/main/business_huge.png?1340747100,,710 W. State St.,
199,Feature,Point,"[-76.47998027, 42.4470117]",Ithaca Campus,State,,,QuickState; http://www.cornell.edu/visiting/ithaca/,
200,Feature,Point,"[-76.4949909, 42.42192222]",Ithaca College (IC),Community,,,,
201,Feature,Point,"[-76.49683611, 42.43960833]",Ithaca Commons,Community,http://images.localist.com/photo/000/016/572/huge/Aleuk9SxUxBSoKBx.jpg?1298662725,,Sagan Planet Walk; Food; Shopping; Bars; Restaurants; Shops,
202,Feature,Point,"[-76.50931506, 42.45101111]",Ithaca Farmers' Market,Community,http://images.localist.com/photo/000/016/573/huge/R2IphBqZuPLH8oNb.jpg?1298662729,,,
203,Feature,Point,"[-76.49866238, 42.45507391]",Ithaca High School (IHS),Community,,,,
204,Feature,Point,"[-76.49762175, 42.43701937]",Ithaca Police Department,Community,http://images.localist.com/images/main/business_huge.png?1340747100,,,
205,Feature,Point,"[-76.50446057, 42.44975833]",Ithaca Sciencenter,Community,http://images.localist.com/photo/000/016/574/huge/qke0ygsekV0xHK1V.jpg?1298662733,,,
206,Feature,Point,"[-76.481015, 42.447248]",Ives Hall,Central Campus,http://images.localist.com/photo/000/016/575/huge/sv0l_ejI_F1enXpi.jpg?1298662736,"121 Tower Rd, Ithaca, NY 14850",Martin P. Catherwood Library; Industrial and Labor Relations Library; ILR,
207,Feature,Point,"[-76.480709, 42.44694]",Ives Hall East,Central Campus,,"121 Tower Rd, Ithaca, NY 14850",,
208,Feature,Point,"[-76.481394, 42.447005]",Ives Hall West,Central Campus,,"121 Tower Rd, Ithaca, NY 14850",,
209,Feature,Point,"[-76.46430278, 42.44795278]",J Barn,East Campus,,,Ambulatory and Production Medicine Hospital for Animals,
210,Feature,Point,"[-76.47611913, 42.45511083]",JAM (Just About Music),North Campus,http://images.localist.com/photo/000/018/814/huge/vSzTPRumsa17nOzM.jpg?1308651500,,,
211,Feature,Point,"[-76.466514, 42.447853]",James Law Auditorium,East Campus,http://images.localist.com/images/main/business_huge.png?1340747100,"602 Tower Rd, Ithaca, NY 14850",Vet School,
212,Feature,Point,"[-76.478212, 42.455676]",Jameson Hall,North Campus,http://images.localist.com/images/main/business_huge.png?1340747100,"44 Sisson Pl, Ithaca, NY 14850",Housing,
213,Feature,Point,"[-76.47979149, 42.45242797]",Japes Lodge,North Campus,http://images.localist.com/photo/000/018/813/huge/CfFWidM2bQEo6S2D.jpg?1308651457,,,
214,Feature,Point,"[-76.45384167, 42.45301111]",Jennings Crabapple Collection,Plantations,http://images.localist.com/images/main/business_huge.png?1340747100,,Plantations,
215,Feature,Point,"[-76.48062778, 42.45724167]",Jessup Field,North Campus,http://images.localist.com/images/main/business_huge.png?1340747100,,Intramural Sports,
216,Feature,Point,"[-76.48607233, 42.45072827]",Johnson Museum of Art,Arts,http://images.localist.com/photo/000/016/761/huge/z6RlrYrHx1xJmgRs.jpg?1298996351,,Cafe (www.campuslife.cornell.edu/campuslife/dining/two-naked-guys-cafe.cfm),
217,Feature,Point,"[-77.00721772, 42.87744167]",Jordan Hall,State,http://images.localist.com/images/main/business_huge.png?1340747100,,Frank A. Lee Library; Geneva Experiment Station Library,
218,Feature,Point,"[-76.485426, 42.442732]",Judith Eisner Pavilion,Areas and Features,http://images.localist.com/photo/000/016/579/huge/Tj_83OZ4Nhsv7Unt.jpg?1298662753,"430 College Ave, Ithaca, NY 14850",,
219,Feature,Point,"[-76.46439746, 42.44808229]",K Barn,East Campus,,,,
220,Feature,Point,"[-76.49131667, 42.44799167]",Kahin Center,Co-ops,http://images.localist.com/images/main/business_huge.png?1340747100,,Housing,
221,Feature,Point,"[-76.4726603, 42.44672731]",Kane Sports Complex,Athletics,http://images.localist.com/photo/000/016/580/huge/AnwXyaCOWtZDNKQJ.jpg?1298662758,,Track and Field,
222,Feature,Point,"[-76.488953, 42.444569]",Kappa Alpha Theta,Greek,,"519 Stewart Ave., Ithaca, NY 14850",Greek: Panhellenic,
223,Feature,Point,"[-76.480469, 42.454868]",Kappa Delta,Greek,,"109 Triphammer Rd., Ithaca, NY 14850",Greek: Panhellenic,
224,Feature,Point,"[-76.486992, 42.45789]",Kappa Delta Rho,Greek,,"312 Highland Road, Ithaca, NY 14850",Greek: IFC,
225,Feature,Point,"[-76.483139, 42.453918]",Kappa Kappa Gamma,Greek,,"508 Thurston Ave., Ithaca, NY 14850",Greek: Panhellenic,
226,Feature,Point,"[-76.491417, 42.44984]",Kappa Sigma,Greek,,"600 University Ave,. Ithaca, NY 14850",Greek: IFC,
227,Feature,Point,"[-76.477997, 42.454128]",Kay Hall,North Campus,,"148 Cradit Farm Dr, Ithaca, NY 14850",Housing,
228,Feature,Point,"[-76.479259, 42.448094]",Kennedy Hall,Ag,http://images.localist.com/photo/000/016/849/huge/l5TJ6JhaZAkFItKW.jpg?1299168059,"215 Garden Ave, Ithaca, NY 14850",David L. Call Alumni Auditorium; Call Auditorium,
229,Feature,Point,"[-76.46935278, 42.44789722]",Kenneth Post Greenhouses,East Campus,http://images.localist.com/images/main/business_huge.png?1340747100,,,
230,Feature,Point,"[-76.483222, 42.443943]",Kimball Hall,Engineering,http://images.localist.com/photo/000/016/582/huge/XVPy7ui_mMv8P7yW.jpg?1298662768,"134 Hollister Dr, Ithaca, NY 14850",,
231,Feature,Point,"[-76.480076, 42.44694]",King-Shaw Hall,Central Campus,,"140 Garden Ave, Ithaca, NY 14850",,
232,Feature,Point,"[-76.479912, 42.449965]",Kinzelberg Hall,Central Campus,http://images.localist.com/images/main/business_huge.png?1340747100,"244 Garden Ave, Ithaca, NY 14850",,
233,Feature,Point,"[-76.483459, 42.448031]",Kroch Library,Central Campus,,"216 East Ave, Ithaca, NY 14850",,
234,Feature,Point,"[-76.46445827, 42.44822503]",L Barn,East Campus,,,,
235,Feature,Point,"[-76.48793, 42.44376]",Lambda Chi Alpha,Greek,,"125 Edgemoor Lane, Ithaca, NY 14850",Greek: IFC,
236,Feature,Point,"[-76.45862477, 42.485575]",Langmuir Lab,Near Campus,http://images.localist.com/images/main/business_huge.png?1340747100,,,
237,Feature,Point,"[-76.467507, 42.44629]",Large Animal Research Teaching Unit,East Campus,http://images.localist.com/images/main/business_huge.png?1340747100,"836 Campus Rd, Ithaca, NY 14850",,
238,Feature,Point,"[-76.46257043, 42.44947126]",Leland Laboratory,East Campus,http://images.localist.com/images/main/business_huge.png?1340747100,,,
239,Feature,Point,"[-76.48636809, 42.44857434]",Libe Slope,Areas and Features,http://images.localist.com/photo/000/016/584/huge/ACw7jv__CXu9VwsR.jpg?1298662781,,,
240,Feature,Point,"[-76.45803124, 42.44249735]",Library Annex-Storage Facility,East Campus,http://images.localist.com/photo/000/016/585/huge/mgeEhBu3UaYRNbo6.jpg?1298662786,,,
241,Feature,Point,"[-76.444269, 42.460556]",Liddell Laboratory,Near Campus,,"118 Freese Rd, Ithaca, NY 14850",,
242,Feature,Point,"[-76.483496, 42.450147]",Lincoln Hall,Arts,http://images.localist.com/photo/000/016/586/huge/IsvWp7LjTLkokyVw.jpg?1298662790,"256 East Ave, Ithaca, NY 14850",Music Library; Sidney Cox Library of Music and Dance,
243,Feature,Point,"[-74.940742, 43.681084]",Little Moose Field Station,State,,,Natural Resources; QuickState,
244,Feature,Point,"[-76.470678, 42.446585]",Livestock Pavilion,East Campus,http://images.localist.com/images/main/business_huge.png?1340747100,"48 Judd Falls Rd, Ithaca, NY 14850",Livestock Shows,
245,Feature,Point,"[-76.48125278, 42.45336111]",Louie's Lunch Truck,North Campus,http://images.localist.com/photo/000/016/587/huge/E_UUKARzKbf_cf9N.jpg?1298662794,,Cafe (www.louieslunch.com); Truck,
246,Feature,Point,"[-76.477446, 42.445708]",Lynah Rink,Athletics,http://images.localist.com/photo/000/016/589/huge/8y8_naDQqeAGhDt6.jpg?1298662802,"536 Campus Rd, Ithaca, NY 14850",Hockey,
247,Feature,Point,"[-76.488041, 42.4478]",Lyon Hall,West Campus,http://images.localist.com/images/main/business_huge.png?1340747100,"336 West Ave, Ithaca, NY 14850",Housing,
248,Feature,Point,"[-76.46454041, 42.44839036]",M Barn,East Campus,,,,
249,Feature,Point,"[-76.47118312, 42.44316616]",Machine Shop,East Campus,http://images.localist.com/images/main/business_huge.png?1340747100,,,
250,Feature,Point,"[-76.480195, 42.448225]",Malott Hall,Central Campus,http://images.localist.com/photo/000/016/590/huge/5toFCBxZ8PJAWSPN.jpg?1298662808,"212 Garden Ave, Ithaca, NY 14850",Mathematics Library,
251,Feature,Point,"[-76.476343, 42.448793]",Mann Library,Ag,http://images.localist.com/photo/000/016/663/huge/odLHO8kCnmquss4u.jpg?1298675795,"237 Mann Dr, Ithaca, NY 14850",Manndible Cafe (manndiblecafe.com); Albert R. Mann Library,
252,Feature,Point,"[-76.472694, 42.439366]",Maplewood Park,East Hill,,"201 Maple Ave, Ithaca, NY 14850",Housing,
253,Feature,Point,"[-76.474015, 42.441053]",Maplewood Park Apartments Community Center,East Hill,,"201 Maple Ave, Ithaca, NY 14850",,
254,Feature,Point,"[-76.477969, 42.450093]",Martha Van Rensselaer East Building,Central Campus,http://images.localist.com/images/main/business_huge.png?1340747100,"130 Reservoir Ave, Ithaca, NY 14850",,
255,Feature,Point,"[-76.478671, 42.450011]",Martha Van Rensselaer Hall,Central Campus,http://images.localist.com/photo/000/016/593/huge/fyez9rml3XTlFAAH.jpg?1298662820,"116 Reservoir Ave, Ithaca, NY 14850",Cafe (www.campuslife.cornell.edu/campuslife/dining/marthas.cfm); Cornell MRI Facility; Cornell Magnetic Resonance Imaging Facility; CMRIF,
256,Feature,Point,"[-76.479102, 42.450243]",Martha Van Rensselaer West Building,Central Campus,http://images.localist.com/images/main/business_huge.png?1340747100,"27 Forest Home Dr, Ithaca, NY 14850",,
257,Feature,Point,"[-76.477745, 42.45496]",Mary Donlon Hall,North Campus,http://images.localist.com/photo/000/016/594/huge/zvqIW5VP9x_cNb_D.jpg?1298662825,"57 Sisson Pl, Ithaca, NY 14850",Housing,
258,Feature,Point,"[-76.48801326, 42.4472386]",McFadden Hall,West Campus,http://images.localist.com/images/main/business_huge.png?1340747100,,Housing,
259,Feature,Point,"[-76.48543029, 42.44938934]",McGraw Hall,Arts,http://images.localist.com/photo/000/016/595/huge/lCzKLNBY3MmOHFno.jpg?1298662830,,,
260,Feature,Point,"[-76.48505278, 42.44755833]",McGraw Tower,Central Campus,http://images.localist.com/photo/000/016/596/huge/_Xbhk_nsvclyKd8x.jpg?1298662834,,Chimes Concerts,
261,Feature,Point,"[-76.488062, 42.447999]",Mennen Hall,West Campus,http://images.localist.com/photo/000/016/597/huge/6P_SWq4Ez8bTQkKA.jpg?1298662838,"342 West Ave, Ithaca, NY 14850",Housing,
262,Feature,Point,"[-76.50310219, 42.47016986]",Merrill Family Sailing Center,Athletics,http://images.localist.com/images/main/business_huge.png?1340747100,,Sailboats,
263,Feature,Point,"[-76.47689447, 42.45438604]",Mews Hall,North Campus,http://images.localist.com/photo/000/016/598/huge/vHn5spPOlLhyt20h.jpg?1298662842,,Housing,
264,Feature,Point,"[-76.481238, 42.449156]",Micro-Kelvin Laboratory,Central Campus,,"142 Sciences Dr, Ithaca, NY 14850",,
265,Feature,Point,"[-76.48755278, 42.43904444]",Miller-Heller House,Near Campus,http://images.localist.com/images/main/business_huge.png?1340747100,,AAP; 122 Eddy St.,
266,Feature,Point,"[-76.483563, 42.451219]",Milstein Hall,Arts,http://images.localist.com/photo/000/032/305/huge/XBo9YZN2NJU1XcBE.jpg?1334781088,"943 University Ave, Ithaca, NY 14850",Milstein Auditorium,
267,Feature,Point,"[-76.47757971, 42.44778359]",Minn's Garden,Plantations,http://images.localist.com/photo/000/016/599/huge/k2RflC_i7nVZ8y0S.jpg?1298662846,,Plantations; Minns Garden,
268,Feature,Point,"[-76.467325, 42.458244]",Moakley House Golf Course,North Campus,,"215 Warren Rd, Ithaca, NY 14850",,
269,Feature,Point,"[-76.465723, 42.44804]",Moore Laboratory,East Campus,,"602 Tower Rd, Ithaca, NY 14850",,
270,Feature,Point,"[-76.485315, 42.448637]",Morrill Hall,Arts,http://images.localist.com/photo/000/016/600/huge/ezkoGZMHFBUggZYH.jpg?1298662850,"159 Central Ave, Ithaca, NY 14850",,
271,Feature,Point,"[-76.46926, 42.446301]",Morrison Hall,East Campus,http://images.localist.com/photo/000/016/601/huge/dunTrUWMSDpcndj5.jpg?1298662854,"507 Tower Rd, Ithaca, NY 14850",,
272,Feature,Point,"[-76.463213, 42.44965]",Muenscher Laboratory,East Campus,,"130 Tuber Dr, Ithaca, NY 14850",,
273,Feature,Point,"[-76.53638357, 42.46634226]",Museum of the Earth,Community,http://images.localist.com/photo/000/017/003/huge/RoLEq8dKdMiE401q.jpg?1299841940,,Paleontological Research Institution,
274,Feature,Point,"[-76.485592, 42.444024]",Myron Taylor Hall,Law,http://images.localist.com/photo/000/016/603/huge/oHIBJHt1wa7uIIZM.jpg?1298662862,"524 College Ave, Ithaca, NY 14850",Law School; Law Library,
275,Feature,Point,"[-76.485784, 42.443742]",Myron Taylor Jane Foster Library Addition,Law,http://images.localist.com/images/main/business_huge.png?1340747100,"514 College Ave, Ithaca, NY 14850",MTJF Library Addition,
276,Feature,Point,"[-76.46846, 42.447298]",Nematode Lab,East Campus,http://images.localist.com/images/main/business_huge.png?1340747100,,,
277,Feature,Point,"[-73.89585841, 40.70585565]",New York City,State,,,QuickState; QuickWorld; http://www.cornell.edu/nyc/,
278,Feature,Point,"[-77.007651, 42.87711]",New York State Agricultural Experiment Station,State,http://images.localist.com/images/main/business_huge.png?1340747100,,NYSAES; QuickState; http://cals.cornell.edu/nysaes/,
279,Feature,Point,"[-76.46427, 42.448806]",New York State Veterinary Diagnostic Laboratory,East Campus,,"240 Farrier Rd, Ithaca, NY 14850",Animal Health Diagnostic Center; AHDC; NYS Veterinary Diagnostic Laboratory,Animal Health Diagnostic Center
280,Feature,Point,"[-76.48049666, 42.45052987]",Newman Accelerator Building,Central Campus,http://images.localist.com/images/main/business_huge.png?1340747100,,,
281,Feature,Point,"[-76.45599444, 42.45186111]",Newman Arboretum,Areas and Features,http://images.localist.com/photo/000/016/552/huge/pvOf_eLB5g6BQpCw.jpg?1298662631,,Plantations,
282,Feature,Point,"[-76.48044685, 42.45024664]",Newman Lab,Central Campus,http://images.localist.com/images/main/business_huge.png?1340747100,,,
283,Feature,Point,"[-76.47831625, 42.45525979]",North Campus,Areas and Features,http://images.localist.com/images/main/business_huge.png?1340747100,,,
284,Feature,Point,"[-76, 42]",North Campus  Low Rise 9,North Campus,,,Housing,
285,Feature,Point,"[-76.476787, 42.456161]",North Campus High Rise 5,North Campus,http://images.localist.com/photo/000/018/824/huge/CKQOqoJ_nclcP6Lh.jpg?1308652226,"225 Jessup Rd, Ithaca, NY 14850",Housing,
286,Feature,Point,"[-76.476103, 42.456324]",North Campus Low Rise 6,North Campus,http://images.localist.com/photo/000/016/588/huge/2PWfqmqkkSvcKzrv.jpg?1298662798,"237 Jessup Rd, Ithaca, NY 14850",Housing,
287,Feature,Point,"[-76.475361, 42.456156]",North Campus Low Rise 7,North Campus,http://images.localist.com/images/main/business_huge.png?1340747100,"116 Program House Dr, Ithaca, NY 14850",Housing,
288,Feature,Point,"[-76.476139, 42.454899]",North Campus Low Rise 9,North Campus,,"142 Program House Dr, Ithaca, NY 14850",Housing,
289,Feature,Point,"[-76.476896, 42.457317]",North Campus Student Center,North Campus,http://images.localist.com/images/main/business_huge.png?1340747100,"224 Jessup Rd, Ithaca, NY 14850",,
290,Feature,Point,"[-76.47785, 42.457024]",North Campus Townhouse A,North Campus,http://images.localist.com/images/main/business_huge.png?1340747100,"210 Jessup Rd, Ithaca, NY 14850",Housing,
291,Feature,Point,"[-76.477308, 42.457091]",North Campus Townhouse B,North Campus,http://images.localist.com/images/main/business_huge.png?1340747100,"218 Jessup Rd, Ithaca, NY 14850",Housing,
292,Feature,Point,"[-76.476651, 42.456977]",North Campus Townhouse C,North Campus,http://images.localist.com/images/main/business_huge.png?1340747100,"228 Jessup Rd, Ithaca, NY 14850",Housing,
293,Feature,Point,"[-76.476322, 42.457243]",North Campus Townhouse D,North Campus,http://images.localist.com/images/main/business_huge.png?1340747100,"234 Jessup Rd, Ithaca, NY 14850",Housing,
294,Feature,Point,"[-76.476005, 42.456984]",North Campus Townhouse E,North Campus,http://images.localist.com/images/main/business_huge.png?1340747100,"238 Jessup Rd, Ithaca, NY 14850",Housing,
295,Feature,Point,"[-76.475656, 42.457184]",North Campus Townhouse F,North Campus,http://images.localist.com/images/main/business_huge.png?1340747100,"244 Jessup Rd, Ithaca, NY 14850",Housing,
296,Feature,Point,"[-76.4753, 42.457022]",North Campus Townhouse G,North Campus,http://images.localist.com/images/main/business_huge.png?1340747100,"250 Jessup Rd, Ithaca, NY 14850",Housing,
297,Feature,Point,"[-76.474917, 42.457273]",North Campus Townhouse H,North Campus,http://images.localist.com/images/main/business_huge.png?1340747100,"258 Jessup Rd, Ithaca, NY 14850",Housing,
298,Feature,Point,"[-76.488018, 42.446462]",Noyes Community and Recreation Center,West Campus,http://images.localist.com/photo/000/016/606/huge/6E4fpmxTbR_F5La5.jpg?1298662879,"306 West Ave, Ithaca, NY 14850",Fitness; Noyes Community Rec Center; Noyes Community Recreation Center,
299,Feature,Point,"[-76.48027859, 42.45210573]",Noyes Lodge,North Campus,http://images.localist.com/photo/000/016/607/huge/3VyZSBCYoeMkJL3v.jpg?1298662883,,,
300,Feature,Point,"[-76.48416898, 42.44270161]",Oak Avenue,Co-ops,http://images.localist.com/images/main/business_huge.png?1340747100,,Housing,
301,Feature,Point,"[-76.48125596, 42.45074128]",Olin Chem Lab,Central Campus,http://images.localist.com/photo/000/016/608/huge/PZpR5HEkuowOaI13.jpg?1298662889,,,
302,Feature,Point,"[-76.484397, 42.445429]",Olin Hall,Engineering,http://images.localist.com/photo/000/016/609/huge/uoSHeuG5SMzH1W2n.jpg?1298662894,"113 Ho Plz, Ithaca, NY 14850",,
303,Feature,Point,"[-76.484241, 42.44785]",Olin Library,Central Campus,http://images.localist.com/photo/000/016/610/huge/w_5TydOgbRoGEWMH.jpg?1298662898,"161 Ho Plz, Ithaca, NY 14850",Cafe (www.campuslife.cornell.edu/campuslife/dining/libe-cafe.cfm); Carl A. Kroch Library; Asia Collections; Echols Collection on Southeast Asia; South Asia Collection; Wason Collection on East Asia; John M. Olin Library; Rare and Manuscript Collections,
304,Feature,Point,"[-76.485391, 42.450889]",Olive Tjaden Hall,Arts,http://images.localist.com/photo/000/016/611/huge/HmqO_IFgZ0UcbOsN.jpg?1298662902,"909 University Ave, Ithaca, NY 14850",AAP,
305,Feature,Point,"[-76.464587, 42.433978]",Oxley Equestrian Center,East Hill,http://images.localist.com/photo/000/016/821/huge/7wD_MmCHjiA6P46s.jpg?1299108430,"220 Pine Tree Rd, Ithaca, NY 14850",Horses; Equine; Polo; Horseback Riding; 220 Pine Tree Road; Stables,
306,Feature,Point,"[-77.0080303, 42.87689945]",Parrot Hall,State,http://images.localist.com/images/main/business_huge.png?1340747100,,,
307,Feature,Point,"[-76.4861028, 42.45199634]",Pedestrian Suspension Bridge,Areas and Features,http://images.localist.com/photo/000/016/612/huge/M1jqii7ajL82vAeF.jpg?1298662913,,,
308,Feature,Point,"[-76.47250556, 42.44914444]",Peony Gardens,Plantations,http://images.localist.com/images/main/business_huge.png?1340747100,,Plantations,
309,Feature,Point,"[-76.48222237, 42.44687932]",Peter Plaza,Areas and Features,http://images.localist.com/photo/000/016/613/huge/sLw7Y9Q6Yasu57wP.jpg?1298662917,,,
310,Feature,Point,"[-76.45201389, 42.45151111]",Peterson Oak Grove,Plantations,http://images.localist.com/images/main/business_huge.png?1340747100,,Plantations,
311,Feature,Point,"[-76.48954, 42.454781]",Phi Delta Theta,Greek,,"2 Ridgewood Road, Ithaca, NY 14850",Greek: IFC,
312,Feature,Point,"[-76.489159, 42.451511]",Phi Gamma Delta,Greek,,"118 McGraw Place, Ithaca, NY 14850",Greek: IFC,
313,Feature,Point,"[-76.488686, 42.445396]",Phi Kappa Psi,Greek,,"120 Mary Ann Wood Drive, Ithaca, NY 14850",Greek: IFC,
314,Feature,Point,"[-76.48835, 42.453781]",Phi Kappa Tau,Greek,,"106 The Knoll, Ithaca, NY 14850",Greek: IFC,
315,Feature,Point,"[-76.487839, 42.445042]",Phi Sigma Sigma,Greek,,"14 South Ave., Ithaca, NY 14850",Greek: Panhellenic,
316,Feature,Point,"[-76.481992, 42.444511]",Phillips Hall,Engineering,http://images.localist.com/photo/000/016/614/huge/kJXsrlBtSGP4VvZD.jpg?1298662924,"116 Hoy Rd, Ithaca, NY 14850",,
317,Feature,Point,"[-76.481767, 42.449892]",Physical Sciences Building,Central Campus,http://images.localist.com/photo/000/017/615/huge/u6JIurJ3e3MtKAAE.jpg?1302017903,"245 East Ave, Ithaca, NY 14850",,
318,Feature,Point,"[-76.482559, 42.45816]",Pi Beta Phi,Greek,,"330 Triphammer Rd., Ithaca, NY 14850",Greek: Panhellenic,
319,Feature,Point,"[-76.481438, 42.455688]",Pi Delta Psi,Greek,,"124 Triphammer Rd., Ithaca, NY 14850",Greek: MGLC,
320,Feature,Point,"[-76.488419, 42.444488]",Pi Kappa Alpha,Greek,,"17 South Ave,. Ithaca, NY 14850",Greek: IFC,
321,Feature,Point,"[-76.48851, 42.45549]",Pi Kappa Phi,Greek,,"55 Ridgewood Rd, Ithaca, NY 14850",Greek: IFC,
322,Feature,Point,"[-76.461978, 42.44917]",Plant Breeding Love Laboratory,East Campus,http://images.localist.com/images/main/business_huge.png?1340747100,"126 Medicago Dr, Ithaca, NY 14850",Love Lab,
323,Feature,Point,"[-76.46855276, 42.44837824]",Plant Pathology Greenhouse Complex,East Campus,http://images.localist.com/images/main/business_huge.png?1340747100,,,
324,Feature,Point,"[-76.476992, 42.448343]",Plant Science Building,Ag,http://images.localist.com/photo/000/016/615/huge/4CltlSWG6LxSKY99.jpg?1298662931,"236 Tower Rd, Ithaca, NY 14850",,
325,Feature,Point,"[-76.468273, 42.448041]",Plant Virology and Nematology Laboratory,East Campus,,"129 Helios Cir, Ithaca, NY 14850",Virology Nematology Lab,
326,Feature,Point,"[-76.4719028, 42.44941495]",Plantations,Areas and Features,http://images.localist.com/photo/000/016/690/huge/wCWo7205tLxrmYuO.jpg?1298885120,,,
327,Feature,Point,"[-76.471911, 42.452956]",Plantations Ramin Administrative Center,Plantations,,"130 Forest Home Dr, Ithaca, NY 14850",Plantations; Ramin Center,
328,Feature,Point,"[-76.452304, 42.443122]",Poultry Biology Laboratory,East Campus,,239 Gallus Rd,,
329,Feature,Point,"[-76.47134162, 42.44340212]",Print Shop,East Campus,http://images.localist.com/images/main/business_huge.png?1340747100,,,
330,Feature,Point,"[-76.48206111, 42.45487222]",Prospect of Whitby,Co-ops,http://images.localist.com/images/main/business_huge.png?1340747100,,Housing,
331,Feature,Point,"[-76.481924, 42.453122]",Prudence Risley Residential College,North Campus,http://images.localist.com/photo/000/016/621/huge/RYGjOJOjQpEo_oG6.jpg?1298662957,"535 Thurston Ave, Ithaca, NY 14850",Risley Hall; Housing; Dining (www.campuslife.cornell.edu/campuslife/dining/risley-dining.cfm),
332,Feature,Point,"[-76.487923, 42.44593]",Psi Upsilon,Greek,,"2 Forest Park Lane, Ithaca, NY 14850",Greek: IFC,
333,Feature,Point,"[-76.482892, 42.451229]",Rand Hall,Arts,http://images.localist.com/photo/000/016/616/huge/mHkSao6ZuKk4Pivx.jpg?1298662938,"947 University Ave, Ithaca, NY 14850",Fine Arts Library; Architecture; AAP,
334,Feature,Point,"[-76.450762, 42.442485]",Raptor Facility,Near Campus,,"216 Raptor Rd, Ithaca, NY 14850",Esther Schiff Bondareff '37 and Daniel N. Bondareff '35 ,
335,Feature,Point,"[-76.47753065, 42.4535669]",Rawlings Green,North Campus,http://images.localist.com/photo/000/016/617/huge/ssEKQ64wlJgCJp_7.jpg?1298662941,,,
336,Feature,Point,"[-76.465374, 42.43504]",Reis Tennis Center,East Hill,http://images.localist.com/images/main/business_huge.png?1340747100,"230 Pine Tree Rd, Ithaca, NY 14850",230 Pine Tree Road,
337,Feature,Point,"[-76.466923, 42.441734]",Resource Ecology and Management Laboratory,East Hill,,"139 Ecology Dr, Ithaca, NY 14850",,
338,Feature,Point,"[-76.481356, 42.443425]",Rhodes Hall,Engineering,http://images.localist.com/photo/000/016/557/huge/RlVE_mf3o0mth63v.jpg?1298662656,"136 Hoy Rd, Ithaca, NY 14850",Theory Center,
339,Feature,Point,"[-76.474086, 42.447862]",Rice Hall,East Campus,http://images.localist.com/photo/000/016/618/huge/Q3h_EdMfXNrmLTPq.jpg?1298662944,"340 Tower Rd, Ithaca, NY 14850",,
340,Feature,Point,"[-76.471832, 42.449729]",Richard M Lewis Education Center,Plantations,http://images.localist.com/photo/000/016/619/huge/vf_6R4giwQQywLtM.jpg?1298662949,"130 Comstock Knoll Dr, Ithaca, NY 14850",Plantations,
341,Feature,Point,"[-76.471155, 42.445831]",Riley-Robb Hall,East Campus,http://images.localist.com/photo/000/016/620/huge/m6Re2xK58vIJELUh.jpg?1298662953,"111 Wing Dr, Ithaca, NY 14850",,
342,Feature,Point,"[-76.476101, 42.453569]",Robert J & Helen Appel Commons,North Campus,http://images.localist.com/photo/000/016/505/huge/qQGu_f6PmMLEQmIj.jpg?1298662399,"186 Cradit Farm Dr, Ithaca, NY 14850",Fitness; Dining (www.campuslife.cornell.edu/campuslife/dining/north-star.cfm); Cafe (www.campuslife.cornell.edu/campuslife/dining/ezras-emporium.cfm),
343,Feature,Point,"[-76.477497, 42.455934]",Robert Purcell Community Center,North Campus,http://images.localist.com/photo/000/016/848/huge/cykgeE7fid8_kfl8.jpg?1299168049,"217 Jessup Rd, Ithaca, NY 14850",Dining (www.campuslife.cornell.edu/campuslife/dining/robert-purcell-marketplace-eatery.cfm),
344,Feature,Point,"[-76.47435492, 42.46033475]",Robert Trent Jones Golf Course,Athletics,http://images.localist.com/photo/000/016/622/huge/jQPeI5n6jnudfdPo.jpg?1298662961,,Moakley House; Golf Center,
345,Feature,Point,"[-76.467416, 42.447856]",Robert W. Holley Center for Agriculture and Health,Ag,,"538 Tower Rd, Ithaca, NY 14850",,
346,Feature,Point,"[-76.47944, 42.448703]",Roberts Hall,Ag,http://images.localist.com/photo/000/016/623/huge/5nms3EXNQZ_Xd2Ch.jpg?1298662965,"215 Garden Ave, Ithaca, NY 14850",,
347,Feature,Point,"[-76.47523518, 42.44679726]",Robison Alumni Fields,Athletics,http://images.localist.com/photo/000/016/624/huge/L3Zvy7yghGdJwiUy.jpg?1298662970,,,
348,Feature,Point,"[-76.47144018, 42.44973394]",Robison Herb Garden,Plantations,http://images.localist.com/photo/000/016/625/huge/h5S1ArUdUleiq58I.jpg?1298662975,,Plantations,
349,Feature,Point,"[-76.511328, 42.446692]",Robison Shellhouse,Near Campus,,"687 Third St, Ithaca, NY 14850",,
350,Feature,Point,"[-76.46621195, 42.43560556]",Robison Softball Field,East Hill,,,220 Pine Tree Road,
351,Feature,Point,"[-76.481771, 42.448983]",Rockefeller Hall,Central Campus,http://images.localist.com/photo/000/016/626/huge/WNDs2ibUHOS618Ve.jpg?1298662980,"231 East Ave, Ithaca, NY 14850",,
352,Feature,Point,"[-76.48043889, 42.44788056]",Rockwell Azalea Garden,Plantations,http://images.localist.com/photo/000/016/627/huge/zLcUTh9JU4jtjA56.jpg?1298662985,,Plantations,
353,Feature,Point,"[-76.467492, 42.446144]",Ruminant Nutrition Laboratory,East Campus,,"836 Campus Rd, Ithaca, NY 14850",,
354,Feature,Point,"[-76.46375281, 42.44824722]",S Barn,East Campus,http://images.localist.com/images/main/business_huge.png?1340747100,,,
355,Feature,Point,"[-76.47311947, 42.45173612]",Sackett Foot Bridge,Areas and Features,http://images.localist.com/photo/000/016/628/huge/omQrUX5omsjmQJ5R.jpg?1298662990,,,
356,Feature,Point,"[-76.484459, 42.447201]",Sage Chapel,Central Campus,http://images.localist.com/photo/000/016/629/huge/sIgk7kscfsm378QK.jpg?1298662995,"147 Ho Plz, Ithaca, NY 14850",Religious Services; organ; organs,
357,Feature,Point,"[-76.483243, 42.445916]",Sage Hall,Central Campus,http://images.localist.com/photo/000/016/630/huge/SSYposjJykdsxLNg.jpg?1298662999,"114 East Ave, Ithaca, NY 14850",Cafe (www.campuslife.cornell.edu/campuslife/dining/atrium-cafe.cfm); Management Library; Johnson Graduate School of Management Library; JGSM; Business School,
358,Feature,Point,"[-76.491457, 42.439727]",Sage House,Near Campus,http://images.localist.com/images/main/business_huge.png?1340747100,"118 Sage Pl, Ithaca, NY 14850",Cornell University Press; CU Press; CUP,
359,Feature,Point,"[-76.480106, 42.449712]",Savage Hall,Central Campus,http://images.localist.com/images/main/business_huge.png?1340747100,"244 Garden Ave, Ithaca, NY 14850",,
360,Feature,Point,"[-76.47865685, 42.44403207]",Schoellkopf Field,Athletics,http://images.localist.com/photo/000/016/631/huge/d_IhbnFUAPtBlX1r.jpg?1298663003,,Football; Lacrosse; LAX,
361,Feature,Point,"[-76.47917392, 42.44502993]",Schoellkopf House,Athletics,http://images.localist.com/images/main/business_huge.png?1340747100,,,
362,Feature,Point,"[-76.478555, 42.444999]",Schoellkopf Memorial,Athletics,http://images.localist.com/photo/000/016/632/huge/8cSHh8WcCBY2vdte.jpg?1298663008,"521 Campus Rd, Ithaca, NY 14850",,
363,Feature,Point,"[-76.466142, 42.447992]",Schurman Hall,East Campus,http://images.localist.com/images/main/business_huge.png?1340747100,"602 Tower Rd, Ithaca, NY 14850",,
364,Feature,Point,"[-76.428035, 42.436683]",Schwardt Laboratory,Near Campus,,"315 Turkey Hill Rd, Ithaca, NY 14850",,
365,Feature,Point,"[-76.48593, 42.442437]",Schwartz Center for Performing Arts,Collegetown,http://images.localist.com/photo/000/016/633/huge/_JEWPqCmT3RtZysO.jpg?1298663012,"430 College Ave, Ithaca, NY 14850",Theatre,
366,Feature,Point,"[-76.45512222, 42.45191944]",Sculpture Garden,Plantations,http://images.localist.com/images/main/business_huge.png?1340747100,,Plantations,
367,Feature,Point,"[-76.485642, 42.453464]",Seal and Serpent Society,Greek,,"305 Thurston Ave, Ithaca, NY 14850",Greek: IFC,
368,Feature,Point,"[-76.479026, 42.447208]",Seeley G. Mudd Hall,Central Campus,http://images.localist.com/photo/000/016/634/huge/3oMT1_6N5bchj8F9.jpg?1298663017,"215 Tower Rd, Ithaca, NY 14850",,
369,Feature,Point,"[-76.485593, 42.442239]",Sheldon Court,Collegetown,http://images.localist.com/photo/000/016/635/huge/2nrt7LmInK4XOPQL.jpg?1298663022,"420 College Ave, Ithaca, NY 14850",Housing,
370,Feature,Point,"[-70.76067222, 43.08102222]","Shoals Marine Lab Dock, Portsmouth, New Hampshire",World,,,SML,
371,Feature,Point,"[-76.4841, 42.450913]",Sibley Hall,Arts,http://images.localist.com/photo/000/016/637/huge/ODvb3M77RaSH_sGD.jpg?1298663031,"921 University Ave, Ithaca, NY 14850",Green Dragon Cafe (www.campuslife.cornell.edu/campuslife/dining/green-dragon.cfm); AAP,
372,Feature,Point,"[-76.480469, 42.455276]",Sigma Alpha Mu,Greek,,"10 Sisson Place, Ithaca, NY 14850",Greek: IFC,
373,Feature,Point,"[-76.49115, 42.456661]",Sigma Chi,Greek,,"106 Cayuga Heights Rd., Ithaca, NY 14850",Greek: IFC,
374,Feature,Point,"[-76.488457, 42.456058]",Sigma Delta Tau,Greek,,"115 Ridgewood Rd., Ithaca, NY 14850",Greek: Panhellenic,
375,Feature,Point,"[-76.491753, 42.451683]",Sigma Nu,Greek,,"230 Willard Way, Ithaca, NY 14850",Greek: IFC,
376,Feature,Point,"[-76.488541, 42.445999]",Sigma Phi,Greek,,"1 Forest Park Lane, Ithaca, NY 14850",Greek: IFC,
377,Feature,Point,"[-76.488869, 42.450069]",Sigma Phi Epsilon,Greek,,"109 McGraw Place, Ithaca, NY 14850",Greek: IFC,
378,Feature,Point,"[-76.488258, 42.44965]",Sigma Pi,Greek,,"730 University Avenue, Ithaca, NY 14850",Greek: IFC,
379,Feature,Point,"[-76.47367688, 42.44716111]",Simon Track,Athletics,http://images.localist.com/images/main/business_huge.png?1340747100,,,
380,Feature,Point,"[-76.48499067, 42.44360988]",Snee Hall,Engineering,http://images.localist.com/photo/000/016/638/huge/IB9Tjt3TxT0_TU5u.jpg?1298663038,,,
381,Feature,Point,"[-76.48113844, 42.44889252]",Space Sciences Building,Central Campus,http://images.localist.com/photo/000/016/639/huge/IvgWWUYamWv_YPmP.jpg?1298663043,,Spacecraft Planetary Imaging Facility; SPIF,
382,Feature,Point,"[-76.43861176, 42.4720491]",SPCA,Community,http://images.localist.com/images/main/business_huge.png?1340747100,,,
383,Feature,Point,"[-76.49955556, 42.43941389]",State Theatre,Community,http://images.localist.com/images/main/business_huge.png?1340747100,,State Street Theatre; State St. Theatre,
384,Feature,Point,"[-76.48213663, 42.44545558]",Statler Auditorium,Central Campus,http://images.localist.com/images/main/business_huge.png?1340747100,,,
385,Feature,Point,"[-76.48215482, 42.44577564]",Statler Hall,Central Campus,http://images.localist.com/photo/000/016/641/huge/TDxY48ZOKPTWb0Fe.jpg?1298663050,,Nestle Hotel Library,
386,Feature,Point,"[-76.4822, 42.446374]",Statler Hotel & J. Willard Marriott Executive Education Center,Central Campus,http://images.localist.com/photo/000/016/698/huge/UegHV_glcWseaS9q.jpg?1298891763,"130 Statler Dr, Ithaca, NY 14850",Dining (www.tavernabanfi.com); Banfi's Restuarant; Statler Hotel,
387,Feature,Point,"[-76.48391971, 42.44906387]",Statue of A. D. White,Areas and Features,http://images.localist.com/images/main/business_huge.png?1340747100,,,
388,Feature,Point,"[-76.48530191, 42.44901574]",Statue of Ezra Cornell,Areas and Features,http://images.localist.com/images/main/business_huge.png?1340747100,,,
389,Feature,Point,"[-76.48234655, 42.44683056]",Statue of Hercules,Areas and Features,http://images.localist.com/photo/000/016/642/huge/9upKZQHOpBwbElLZ.jpg?1298663056,,,
390,Feature,Point,"[-76.50176804, 42.46207778]",Stewart Park,Community,http://images.localist.com/photo/000/016/643/huge/ukqcuGUHk31DE1A5.jpg?1298663062,,,
391,Feature,Point,"[-76.483347, 42.447773]",Stimson Hall,Central Campus,http://images.localist.com/photo/000/016/644/huge/qL5ThJ87V0UXrL5h.jpg?1298663066,"204 East Ave, Ithaca, NY 14850",Shoals Marine Lab (SML),
392,Feature,Point,"[-76.471184, 42.447166]",Stocking Hall,East Campus,http://images.localist.com/images/main/business_huge.png?1340747100,"411 Tower Rd, Ithaca, NY 14850",,
393,Feature,Point,"[-77.0067304, 42.87660436]",Sturtevant Hall,State,http://images.localist.com/images/main/business_huge.png?1340747100,,,
394,Feature,Point,"[-76.4836316, 42.44488678]",Sundial on Engineering Quad,Areas and Features,http://images.localist.com/photo/000/016/684/huge/iLF_UT0hMV7iX4VO.jpg?1298883853,,,
395,Feature,Point,"[-76.47019023, 42.44599652]",Surge 3 Facility,East Campus,http://images.localist.com/images/main/business_huge.png?1340747100,,,
396,Feature,Point,"[-76.45299, 42.426769]",Swanson Wildlife Health Center,Near Campus,,"131 Swanson Dr, Ithaca, NY 14850",,
397,Feature,Point,"[-76.46362105, 42.44793056]",T Barn,East Campus,http://images.localist.com/images/main/business_huge.png?1340747100,,,
398,Feature,Point,"[-76.59849152, 42.54650966]",Taughannock Falls State Park,Community,http://images.localist.com/photo/000/016/645/huge/2wz38Sb2lM_xyl5f.jpg?1298663073,,,
399,Feature,Point,"[-76.479075, 42.445773]",Teagle Hall,Athletics,http://images.localist.com/images/main/business_huge.png?1340747100,"512 Campus Rd, Ithaca, NY 14850",Fitness; Swimming; Diving,
400,Feature,Point,"[-73.949964, 40.762161]",Technion-Cornell Innovation Institute,NYC,,,http://www.cornell.edu/nyc/,
401,Feature,Point,"[-76.48709308, 42.44579775]",Telluride House,Co-ops,http://images.localist.com/images/main/business_huge.png?1340747100,,,
402,Feature,Point,"[-76.484202, 42.446744]",The Cornell Store,Central Campus,http://images.localist.com/photo/000/016/539/huge/t_JOpoL36QG7QDbG.jpg?1298662563,"135 Ho Plz, Ithaca, NY 14850",Books; Banking; Clothing; Shopping; Ho Plaza; Post Office; USPS; Campus Store,
403,Feature,Point,"[-76.487701, 42.450069]",Theta Delta Chi,Greek,,"800 University Avenue, Ithaca, NY 14850",Greek: IFC,
404,Feature,Point,"[-76.48366, 42.443913]",Thurston Hall,Engineering,http://images.localist.com/photo/000/016/847/huge/A2ITaZLXtZyYwqBV.jpg?1299168035,"130 Hollister Dr, Ithaca, NY 14850",,
405,Feature,Point,"[-76.480988, 42.456515]",Tobin Fieldhouse,North Campus,http://images.localist.com/photo/000/018/816/huge/2ONYuJeTCLBvKwBQ.jpg?1308651561,"108 Jessup Rd, Ithaca, NY 14850",,
406,Feature,Point,"[-76.478606, 42.45122]",Toboggan Lodge,Central Campus,http://images.localist.com/images/main/business_huge.png?1340747100,"38 Forest Home Dr, Ithaca, NY 14850",,
407,Feature,Point,"[-76.50349812, 42.45059877]",Tompkins Co. Cooperative Extension,Community,http://images.localist.com/images/main/business_huge.png?1340747100,,"4-H; 615 Willow Ave., Ithaca",
408,Feature,Point,"[-76.4622699, 42.48984167]",Tompkins County Airport,Community,http://images.localist.com/images/main/business_huge.png?1340747100,,,
409,Feature,Point,"[-76.49836601, 42.43838655]",Tompkins County Public Library,Community,http://images.localist.com/images/main/business_huge.png?1340747100,,,
410,Feature,Point,"[-76.47914474, 42.44789571]",Trillium Dining,Ag,,,Dining (www.campuslife.cornell.edu/campuslife/dining/trillium.cfm); Cafe (www.campuslife.cornell.edu/campuslife/dining/trillium-express.cfm),
411,Feature,Point,"[-76.481532, 42.455993]",Triphammer Road Cooperative,Co-ops,,"150 Triphammer Rd, Ithaca, NY 14850",Housing; Triphammer Cooperative,
412,Feature,Point,"[-76.48430181, 42.44300911]",Trolley Foot Bridge,Areas and Features,http://images.localist.com/photo/000/016/647/huge/WaDgkemcDkoWJ3cs.jpg?1298663095,,,
413,Feature,Point,"[-76.46083958, 42.4596381]",Turfgrass Field Research Lab,Near Campus,http://images.localist.com/images/main/business_huge.png?1340747100,,,
414,Feature,Point,"[-76.47672298, 42.45534043]",Ujamaa Residential College,North Campus,http://images.localist.com/photo/000/016/648/huge/WIJZ0wdRZQWZdB_8.jpg?1298663100,,Housing,
415,Feature,Point,"[-76.48433889, 42.45391944]",Undergraduate Admissions Office,North Campus,http://images.localist.com/photo/000/018/821/huge/cD5ceBMr80149BQz.jpg?1308651865,,410 Thurston Ave.,
416,Feature,Point,"[-76.482455, 42.443972]",Upson Hall,Engineering,http://images.localist.com/photo/000/016/649/huge/20MbPdQsRcge7RJU.jpg?1298663104,"124 Hoy Rd, Ithaca, NY 14850",,
417,Feature,Point,"[-76.482197, 42.447205]",Uris Hall,Central Campus,http://images.localist.com/photo/000/016/650/huge/Eb3KVy67FbJjDRso.jpg?1298663108,"109 Tower Rd, Ithaca, NY 14850",Cafe (www.campuslife.cornell.edu/campuslife/dining/rustys.cfm); Cornell Cinema; movie; movies,
418,Feature,Point,"[-76.485366, 42.447751]",Uris Library,Arts,http://images.localist.com/photo/000/016/651/huge/isgNOUHpNR_AYDkO.jpg?1298663112,"160 Ho Plz, Ithaca, NY 14850",,
419,Feature,Point,"[-76.46580833, 42.447425]",Vet Education Center,East Campus,http://images.localist.com/photo/000/016/652/huge/AL0EtSsvCs8sMiBG.jpg?1298663117,,Veterinary Library; Flower-Sprecher Veterinary Library,
420,Feature,Point,"[-76.46436471, 42.44739161]",Vet Medical Center,East Campus,http://images.localist.com/photo/000/016/653/huge/kcW0jeVrE_11zc6j.jpg?1298663122,,,
421,Feature,Point,"[-76.466213, 42.44732]",Vet Research Tower,East Campus,http://images.localist.com/photo/000/016/654/huge/nGVnxmOoBfcW8aCP.jpg?1298663126,"618 Tower Rd, Ithaca, NY 14850",,
422,Feature,Point,"[-76.491339, 42.448949]",Von Cramm Hall,Co-ops,http://images.localist.com/images/main/business_huge.png?1340747100,"623 University Ave, Ithaca, NY 14850",Housing,
423,Feature,Point,"[-76.48793, 42.447527]",War Memorial,Areas and Features,http://images.localist.com/photo/000/016/659/huge/e5_el9o86HwBwL_c.jpg?1298663152,"336 West Ave, Ithaca, NY 14850",West Campus War Memorial[Null],
424,Feature,Point,"[-76.482994, 42.443392]",Ward Center for Nuclear Studies,Engineering,http://images.localist.com/images/main/business_huge.png?1340747100,"135 Hollister Dr, Ithaca, NY 14850",,
425,Feature,Point,"[-76.48251667, 42.45637222]",Wari Cooperative,Co-ops,http://images.localist.com/photo/000/018/819/huge/abNcgeybyVzupZHC.jpg?1308651646,,Housing,
426,Feature,Point,"[-76.477098, 42.449213]",Warren Hall,Ag,http://images.localist.com/photo/000/016/656/huge/9hImSqDkBhowPlrn.jpg?1298663137,"137 Reservoir Ave, Ithaca, NY 14850",,
427,Feature,Point,"[-76.48816716, 42.4501324]",Watermargin,Co-ops,http://images.localist.com/images/main/business_huge.png?1340747100,,,
428,Feature,Point,"[-76.4832901, 42.44654877]",Wee Stinky Glen,Areas and Features,http://images.localist.com/photo/000/016/657/huge/9Ov8gubiBB9rYzM3.jpg?1298663142,,,
429,Feature,Point,"[-73.95542748, 40.76405936]",Weill Cornell Medical College,NYC,,,Medical College Library; Samuel J. Wood Library; C. V. Starr Biomedical Information Center,
430,Feature,Point,"[51.43931944, 25.31811389]","Weill Cornell Medical College in Doha, Qatar",World,http://images.localist.com/photo/000/016/688/huge/DpZuW8isGD2iy88h.jpg?1298884635,,QuickWorld; http://www.cornell.edu/visiting/qatar/,
431,Feature,Point,"[-76.477454, 42.446874]",Weill Hall,Central Campus,http://images.localist.com/photo/000/016/658/huge/M4wAe6TQkPgE5dFj.jpg?1298663147,"237 Tower Rd, Ithaca, NY 14850",Cafe (www.campuslife.cornell.edu/campuslife/dining/synapsis-cafe.cfm),
432,Feature,Point,"[-76.48915915, 42.44758369]",West Campus,Areas and Features,http://images.localist.com/images/main/business_huge.png?1340747100,,,
433,Feature,Point,"[-76.485405, 42.450255]",White Hall,Arts,http://images.localist.com/photo/000/016/660/huge/xegjZFyAkg_yrDjH.jpg?1298663157,"123 Central Ave, Ithaca, NY 14850",,
434,Feature,Point,"[-76.485645, 42.446558]",Willard Straight Hall,Central Campus,http://images.localist.com/photo/000/016/661/huge/fAXhZz2_IuacOLlp.jpg?1298663164,"136 Ho Plz, Ithaca, NY 14850",Okenshields Dining (www.campuslife.cornell.edu/campuslife/dining/okenshields.cfm); Ivy Room Dining (www.campuslife.cornell.edu/campuslife/dining/ivy-room-dining.cfm); Cornell Cinema; Cafe (www.campuslife.cornell.edu/campuslife/dining/cascadeli.cfm); movie; movies,
435,Feature,Point,"[-76.489547, 42.446723]",William T Keeton House,West Campus,http://images.localist.com/images/main/business_huge.png?1340747100,"4 Forest Park Ln, Ithaca, NY 14850",Housing,
436,Feature,Point,"[-76.472976, 42.445011]",Wilson Synchrotron Lab & Ring,Engineering,http://images.localist.com/photo/000/017/084/huge/NRUpLjspwxZjnZtZ.jpg?1300101797,"161 Synchrotron Dr, Ithaca, NY 14850",Wilson Laboratory,
437,Feature,Point,"[-76.471568, 42.446633]",Wing Hall,East Campus,http://images.localist.com/images/main/business_huge.png?1340747100,"123 Wing Dr, Ithaca, NY 14850",,
438,Feature,Point,"[-76.47141389, 42.44910556]",Winter Garden,Plantations,http://images.localist.com/photo/000/016/662/huge/gowmW0neY8hra8CS.jpg?1298663170,,Plantations,
439,Feature,Point,"[-76.481827, 42.454121]",Zeta Psi,Greek,,"534 Thurston Ave,. Ithaca, NY 14850",Greek: IFC,
440,Feature,Point,"[-76.45610556, 42.45260833]",Zucker Shrub Collection and Harris Lilac Collection,Plantations,http://images.localist.com/images/main/business_huge.png?1340747100,,Plantations,
